target,n,accuracy,macro_f1,real_recall,fake_recall,confusion_matrix,classification_report,train_n,test_n,model,features
LIAR atoms -> LIAR,40,0.575,0.5747342088805503,0.6,0.55,"[[12, 8], [9, 11]]","              precision    recall  f1-score   support

        REAL     0.5714    0.6000    0.5854        20
        FAKE     0.5789    0.5500    0.5641        20

    accuracy                         0.5750        40
   macro avg     0.5752    0.5750    0.5747        40
weighted avg     0.5752    0.5750    0.5747        40
",80,40,Logistic Regression,"emotional_language, exaggerated_claim, specific_evidence, source_reference, logical_consistency, clickbait_style"
LIAR atoms -> FakeNewsNet,40,0.55,0.48717948717948717,0.2,0.9,"[[4, 16], [2, 18]]","              precision    recall  f1-score   support

        REAL     0.6667    0.2000    0.3077        20
        FAKE     0.5294    0.9000    0.6667        20

    accuracy                         0.5500        40
   macro avg     0.5980    0.5500    0.4872        40
weighted avg     0.5980    0.5500    0.4872        40
",80,40,Logistic Regression,"emotional_language, exaggerated_claim, specific_evidence, source_reference, logical_consistency, clickbait_style"
FakeNewsNet atoms -> FakeNewsNet,40,0.5,0.48849104859335035,0.65,0.35,"[[13, 7], [13, 7]]","              precision    recall  f1-score   support

        REAL     0.5000    0.6500    0.5652        20
        FAKE     0.5000    0.3500    0.4118        20

    accuracy                         0.5000        40
   macro avg     0.5000    0.5000    0.4885        40
weighted avg     0.5000    0.5000    0.4885        40
",40,40,Logistic Regression,"emotional_language, exaggerated_claim, specific_evidence, source_reference, logical_consistency, clickbait_style"
